#SampleID	alias	Compartment	Mesocosm	Sample_type	Water_type	Time	Sampling_date	Seq_data
MI.M05812_0392.001.FLD_ill_096_i7---IDT_i5_5.BlankpcrCES	BlankpcrCES	BlankpcrCES	BlankpcrCES	BlankpcrCES	BlankpcrCES	BlankpcrCES	BlankpcrCES	20-03-2023
MI.M05812_0379.001.FLD_ill_192_i7---IDT_i5_6.BlankpcrCES	BlankpcrCES	BlankpcrCES	BlankpcrCES	BlankpcrCES	BlankpcrCES	BlankpcrCES	BlankpcrCES	16-12-2022
MI.M05812_0392.001.FLD_ill_001_i7---IDT_i5_6.M1-13-07-21	M1-13.07.21	Water	Mesocosm_1	No_plant	OSPW	D-0	13-07-2021	20-03-2023
MI.M05812_0392.001.FLD_ill_009_i7---IDT_i5_7.M2-13-07-21	M2-13.07.21	Water	Mesocosm_2	Carex	OSPW	D-0	13-07-2021	20-03-2023
MI.M05812_0392.001.FLD_ill_017_i7---IDT_i5_8.M3-13-07-21	M3-13.07.21	Water	Mesocosm_3	No_plant	OSPW	D-0	13-07-2021	20-03-2023
MI.M05812_0392.001.FLD_ill_025_i7---IDT_i5_9.M4-13-07-21	M4-13.07.21	Water	Mesocosm_4	No_plant	Artificial_OSPW	D-0	13-07-2021	20-03-2023
MI.M05812_0392.001.FLD_ill_033_i7---IDT_i5_10.M5-13-07-21	M5-13.07.21	Water	Mesocosm_5	No_plant	Artificial_OSPW	D-0	13-07-2021	20-03-2023
MI.M05812_0392.001.FLD_ill_041_i7---IDT_i5_11.M6-13-07-21	M6-13.07.21	Water	Mesocosm_6	Carex	OSPW	D-0	13-07-2021	20-03-2023
MI.M05812_0392.001.FLD_ill_049_i7---IDT_i5_12.M7-13-07-21	M7-13.07.21	Water	Mesocosm_7	Carex	OSPW	D-0	13-07-2021	20-03-2023
MI.M05812_0392.001.FLD_ill_057_i7---IDT_i5_1.M8-13-07-21	M8-13.07.21	Water	Mesocosm_8	No_plant	Artificial_OSPW	D-0	13-07-2021	20-03-2023
MI.M05812_0392.001.FLD_ill_065_i7---IDT_i5_2.M9-13-07-21	M9-13.07.21	Water	Mesocosm_9	No_plant	OSPW	D-0	13-07-2021	20-03-2023
MI.M05812_0392.001.FLD_ill_073_i7---IDT_i5_3.M10-13-07-21	M10-13.07.21	Water	Mesocosm_10	No_plant	OSPW	D-0	13-07-2021	20-03-2023
MI.M05812_0392.001.FLD_ill_081_i7---IDT_i5_4.M11-13-07-21	M11-13.07.21	Water	Mesocosm_11	No_plant	Artificial_OSPW	D-0	13-07-2021	20-03-2023
MI.M05812_0392.001.FLD_ill_089_i7---IDT_i5_5.M12-13-07-21	M12-13.07.21	Water	Mesocosm_12	Carex	OSPW	D-0	13-07-2021	20-03-2023
MI.M05812_0392.001.FLD_ill_002_i7---IDT_i5_6.M1-30-07-21	M1-30.07.21	Water	Mesocosm_1	No_plant	OSPW	D8	30-07-2021	20-03-2023
MI.M05812_0392.001.FLD_ill_010_i7---IDT_i5_7.M2-30-07-21	M2-30.07.21	Water	Mesocosm_2	Carex	OSPW	D8	30-07-2021	20-03-2023
MI.M05812_0392.001.FLD_ill_018_i7---IDT_i5_8.M3-30-07-21	M3-30.07.21	Water	Mesocosm_3	No_plant	OSPW	D8	30-07-2021	20-03-2023
MI.M05812_0392.001.FLD_ill_026_i7---IDT_i5_9.M4-30-07-21	M4-30.07.21	Water	Mesocosm_4	No_plant	Artificial_OSPW	D8	30-07-2021	20-03-2023
MI.M05812_0392.001.FLD_ill_034_i7---IDT_i5_10.M5-30-07-21	M5-30.07.21	Water	Mesocosm_5	No_plant	Artificial_OSPW	D8	30-07-2021	20-03-2023
MI.M05812_0392.001.FLD_ill_042_i7---IDT_i5_11.M6-30-07-21	M6-30.07.21	Water	Mesocosm_6	Carex	OSPW	D8	30-07-2021	20-03-2023
MI.M05812_0392.001.FLD_ill_050_i7---IDT_i5_12.M7-30-07-21	M7-30.07.21	Water	Mesocosm_7	Carex	OSPW	D8	30-07-2021	20-03-2023
MI.M05812_0392.001.FLD_ill_066_i7---IDT_i5_2.M9-30-07-21	M9-30.07.21	Water	Mesocosm_8	No_plant	Artificial_OSPW	D8	30-07-2021	20-03-2023
MI.M05812_0392.001.FLD_ill_058_i7---IDT_i5_1.M8-30-07-21	M8-30.07.21	Water	Mesocosm_9	No_plant	OSPW	D8	30-07-2021	20-03-2023
MI.M05812_0392.001.FLD_ill_074_i7---IDT_i5_3.M10-30-07-21	M10-30.07.21	Water	Mesocosm_10	No_plant	OSPW	D8	30-07-2021	20-03-2023
MI.M05812_0392.001.FLD_ill_082_i7---IDT_i5_4.M11-30-07-21	M11-30.07.21	Water	Mesocosm_11	No_plant	Artificial_OSPW	D8	30-07-2021	20-03-2023
MI.M05812_0392.001.FLD_ill_090_i7---IDT_i5_5.M12-30-07-21	M12-30.07.21	Water	Mesocosm_12	Carex	OSPW	D8	30-07-2021	20-03-2023
MI.M05812_0379.001.FLD_ill_100_i7---IDT_i5_5.Mesocosm-1-Aug-18-2021	Mesocosm-1-Aug-18-2021	Water	Mesocosm_1	No_plant	OSPW	D28	18-08-2021	16-12-2022
MI.M05812_0379.001.FLD_ill_108_i7---IDT_i5_6.Mesocosm-2-Aug-18-2021	Mesocosm-2-Aug-18-2021	Water	Mesocosm_2	Carex	OSPW	D28	18-08-2021	16-12-2022
MI.M05812_0379.001.FLD_ill_116_i7---IDT_i5_7.Mesocosm-3-Aug-18-2021	Mesocosm-3-Aug-18-2021	Water	Mesocosm_3	No_plant	OSPW	D28	18-08-2021	16-12-2022
MI.M05812_0379.001.FLD_ill_124_i7---IDT_i5_8.Mesocosm-4-Aug-18-2021	Mesocosm-4-Aug-18-2021	Water	Mesocosm_4	No_plant	Artificial_OSPW	D28	18-08-2021	16-12-2022
MI.M05812_0379.001.FLD_ill_132_i7---IDT_i5_9.Mesocosm-5-Aug-18-2021	Mesocosm-5-Aug-18-2021	Water	Mesocosm_5	No_plant	Artificial_OSPW	D28	18-08-2021	16-12-2022
MI.M05812_0379.001.FLD_ill_140_i7---IDT_i5_10.Mesocosm-6-Aug-18-2021	Mesocosm-6-Aug-18-2021	Water	Mesocosm_6	Carex	OSPW	D28	18-08-2021	16-12-2022
MI.M05812_0379.001.FLD_ill_148_i7---IDT_i5_11.Mesocosm-7-Aug-18-2021	Mesocosm-7-Aug-18-2021	Water	Mesocosm_7	Carex	OSPW	D28	18-08-2021	16-12-2022
MI.M05812_0379.001.FLD_ill_156_i7---IDT_i5_12.Mesocosm-8-Aug-18-2021	Mesocosm-8-Aug-18-2021	Water	Mesocosm_8	No_plant	Artificial_OSPW	D28	18-08-2021	16-12-2022
MI.M05812_0379.001.FLD_ill_164_i7---IDT_i5_1.Mesocosm-9-Aug-18-2021	Mesocosm-9-Aug-18-2021	Water	Mesocosm_9	No_plant	OSPW	D28	18-08-2021	16-12-2022
MI.M05812_0379.001.FLD_ill_172_i7---IDT_i5_2.Mesocosm-10-Aug-18-2021	Mesocosm-10-Aug-18-2021	Water	Mesocosm_10	No_plant	OSPW	D28	18-08-2021	16-12-2022
MI.M05812_0379.001.FLD_ill_180_i7---IDT_i5_3.Mesocosm-11-Aug-18-2021	Mesocosm-11-Aug-18-2021	Water	Mesocosm_11	No_plant	Artificial_OSPW	D28	18-08-2021	16-12-2022
MI.M05812_0379.001.FLD_ill_188_i7---IDT_i5_4.Mesocosm-12-Aug-18-2021	Mesocosm-12-Aug-18-2021	Water	Mesocosm_12	Carex	OSPW	D28	18-08-2021	16-12-2022
MI.M05812_0379.001.FLD_ill_101_i7---IDT_i5_5.Mesocosm-1-Sep-1-2021	Mesocosm-1-Sep-1-2021	Water	Mesocosm_1	No_plant	OSPW	D42	01-09-2021	16-12-2022
MI.M05812_0379.001.FLD_ill_109_i7---IDT_i5_6.Mesocosm-2-Sep-1-2021	Mesocosm-2-Sep-1-2021	Water	Mesocosm_2	Carex	OSPW	D42	01-09-2021	16-12-2022
MI.M05812_0379.001.FLD_ill_117_i7---IDT_i5_7.Mesocosm-3-Sep-1-2021	Mesocosm-3-Sep-1-2021	Water	Mesocosm_3	No_plant	OSPW	D42	01-09-2021	16-12-2022
MI.M05812_0379.001.FLD_ill_125_i7---IDT_i5_8.Mesocosm-4-Sep-1-2021	Mesocosm-4-Sep-1-2021	Water	Mesocosm_4	No_plant	Artificial_OSPW	D42	01-09-2021	16-12-2022
MI.M05812_0379.001.FLD_ill_133_i7---IDT_i5_9.Mesocosm-5-Sep-1-2021	Mesocosm-5-Sep-1-2021	Water	Mesocosm_5	No_plant	Artificial_OSPW	D42	01-09-2021	16-12-2022
MI.M05812_0379.001.FLD_ill_141_i7---IDT_i5_10.Mesocosm-6-Sep-1-2021	Mesocosm-6-Sep-1-2021	Water	Mesocosm_6	Carex	OSPW	D42	01-09-2021	16-12-2022
MI.M05812_0379.001.FLD_ill_149_i7---IDT_i5_11.Mesocosm-7-Sep-1-2021	Mesocosm-7-Sep-1-2021	Water	Mesocosm_7	Carex	OSPW	D42	01-09-2021	16-12-2022
MI.M05812_0379.001.FLD_ill_157_i7---IDT_i5_12.Mesocosm-8-Sep-1-2021	Mesocosm-8-Sep-1-2021	Water	Mesocosm_8	No_plant	Artificial_OSPW	D42	01-09-2021	16-12-2022
MI.M05812_0379.001.FLD_ill_165_i7---IDT_i5_1.Mesocosm-9-Sep-1-2021	Mesocosm-9-Sep-1-2021	Water	Mesocosm_9	No_plant	OSPW	D42	01-09-2021	16-12-2022
MI.M05812_0379.001.FLD_ill_173_i7---IDT_i5_2.Mesocosm-10-Sep-1-2021	Mesocosm-10-Sep-1-2021	Water	Mesocosm_10	No_plant	OSPW	D42	01-09-2021	16-12-2022
MI.M05812_0379.001.FLD_ill_181_i7---IDT_i5_3.Mesocosm-11-Sep-1-2021	Mesocosm-11-Sep-1-2021	Water	Mesocosm_11	No_plant	Artificial_OSPW	D42	01-09-2021	16-12-2022
MI.M05812_0379.001.FLD_ill_189_i7---IDT_i5_4.Mesocosm-12-Sep-1-2021	Mesocosm-12-Sep-1-2021	Water	Mesocosm_12	Carex	OSPW	D42	01-09-2021	16-12-2022
MI.M05812_0392.001.FLD_ill_003_i7---IDT_i5_6.M1-13-10-21	M1-13.10.21	Water	Mesocosm_1	No_plant	OSPW	D84	13-10-2021	20-03-2023
MI.M05812_0392.001.FLD_ill_011_i7---IDT_i5_7.M2-13-10-21	M2-13.10.21	Water	Mesocosm_2	Carex	OSPW	D84	13-10-2021	20-03-2023
MI.M05812_0392.001.FLD_ill_019_i7---IDT_i5_8.M3-13-10-21	M3-13.10.21	Water	Mesocosm_3	No_plant	OSPW	D84	13-10-2021	20-03-2023
MI.M05812_0392.001.FLD_ill_027_i7---IDT_i5_9.M4-13-10-21	M4-13.10.21	Water	Mesocosm_4	No_plant	Artificial_OSPW	D84	13-10-2021	20-03-2023
MI.M05812_0392.001.FLD_ill_035_i7---IDT_i5_10.M5-13-10-21	M5-13.10.21	Water	Mesocosm_5	No_plant	Artificial_OSPW	D84	13-10-2021	20-03-2023
MI.M05812_0392.001.FLD_ill_043_i7---IDT_i5_11.M6-13-10-21	M6-13.10.21	Water	Mesocosm_6	Carex	OSPW	D84	13-10-2021	20-03-2023
MI.M05812_0392.001.FLD_ill_051_i7---IDT_i5_12.M7-13-10-21	M7-13.10.21	Water	Mesocosm_7	Carex	OSPW	D84	13-10-2021	20-03-2023
MI.M05812_0392.001.FLD_ill_059_i7---IDT_i5_1.M8-13-10-21	M8-13.10.21	Water	Mesocosm_8	No_plant	Artificial_OSPW	D84	13-10-2021	20-03-2023
MI.M05812_0392.001.FLD_ill_067_i7---IDT_i5_2.M9-13-10-21	M9-13.10.21	Water	Mesocosm_9	No_plant	OSPW	D84	13-10-2021	20-03-2023
MI.M05812_0392.001.FLD_ill_075_i7---IDT_i5_3.M10-13-10-21	M10-13.10.21	Water	Mesocosm_10	No_plant	OSPW	D84	13-10-2021	20-03-2023
MI.M05812_0392.001.FLD_ill_083_i7---IDT_i5_4.M11-13-10-21	M11-13.10.21	Water	Mesocosm_11	No_plant	Artificial_OSPW	D84	13-10-2021	20-03-2023
MI.M05812_0392.001.FLD_ill_091_i7---IDT_i5_5.M12-13-10-21	M12-13.10.21	Water	Mesocosm_12	Carex	OSPW	D84	13-10-2021	20-03-2023
